Concept,Core Concept
2015,other
2016,other
2017,other
3d_building_models,computer_graphics
3d_data,computer_graphics
3d_features,computer_graphics
3d_geometry,computer_graphics
3d_image,computer_graphics
3d_information,computer_graphics
3d_model,computer_graphics
3d_object,computer_graphics
3d_points,computer_graphics
3d_reconstruction,computer_graphics
3-d_reconstruction,computer_graphics
3d_shape,computer_graphics
3d_technologies,computer_graphics
3d_visualization,computer_graphics
3dcg,computer_graphics
abc_algorithm,algorithm_design
ability,other
abuse,cryptography
accelerator,operating_systems
accelerators,operating_systems
access_control,distributed_computing
access_control_model,cryptography
access_control_policy,data_structures
access_control_system,operating_systems
access_point,network_security
account,other
accountability,algorithm_design
accuracy_rate,machine_learning
accurate_prediction,machine_learning
acquired_images,computer_graphics
action_recognition,computer_graphics
active_attacker,network_security
active_contour_model,computer_graphics
ad_hoc_network,network_security
adaboost,machine_learning
adaptive,other
adaptive_algorithms,algorithm_design
adaptive_software,software_engineering
additive_manufacturing,software_engineering
additive_white_gaussian_noise,computer_graphics
address_resolution,network_security
adjacency_matrix,data_structures
admm,algorithm_design
ads-b,network_security
advance,other
advanced_applications,software_engineering
advanced_computer_programming,computer_programming
advantage,other
aedes,machine_learning
aerial_image,computer_graphics
aes_algorithm,algorithm_design
affect,other
affine_approximation_attack,cryptography
agent_systems,software_engineering
agent-based_model,data_structures
agent-based_modeling,machine_learning
agile_approach,software_engineering
agile_methodology,software_engineering
agile_practice,software_engineering
agile_projects,software_engineering
agile_software_development,software_engineering
agile_software_engineering,software_engineering
aims,other
algebraic_attack,cryptography
algorithm,algorithm_design
algorithm_exhibit,algorithm_design
algorithm_performance,algorithm_design
algorithmic_framework,algorithm_design
algorithms,algorithm_design
algorithms_and_data_structures,data_structures
alternative,other
alzheimer's_disease_neuroimaging_initiative,computer_graphics
amazon_ec2,distributed_computing
analysis,other
analysis_program,computer_programming
analysis_system,software_engineering
analytical_model,machine_learning
analyzing,other
android,operating_systems
android_os,operating_systems
android_platform,operating_systems
animation_design,computer_graphics
anns,machine_learning
anonymity,cryptography
anonymous,cryptography
answer_set,computer_programming
ant_colony,machine_learning
ant_colony_optimization,machine_learning
ant_colony_system,machine_learning
antiport_rules,distributed_computing
anti-virus_software,operating_systems
aodv,network_security
apache_giraph,distributed_computing
apache_hadoop,data_structures
apache_software_foundation,software_engineering
apache_solr,software_engineering
apis,computer_programming
appearance_model,computer_graphics
applicability,other
application_developers,software_engineering
application_framework,software_engineering
application_layer,network_security
application_program_interface,computer_programming
application_programming,computer_programming
application_programs,computer_programming
application_server,software_engineering
applications,software_engineering
applications_tool,software_engineering
approximate_adders,computer_graphics
approximation_algorithm,algorithm_design
apps,software_engineering
apriori,data_structures
architectural_style,software_engineering
archived_data,data_structures
arduino,operating_systems
arinc,operating_systems
arithmetic_operation,computer_programming
arp_spoofing_attack,network_security
array,computer_programming
artificial,other
artificial_bee_colony,machine_learning
artificial_intelligence,machine_learning
artificial_neural_network,machine_learning
artificial_neural_networks,machine_learning
asic,cryptography
aslr,operating_systems
aspect,other
aspect-oriented_programming,computer_programming
asphalt_mixture,computer_graphics
assess,other
associated_data,data_structures
asymmetric_cryptography,cryptography
asynchronous_message-passing_system,operating_systems
atomic_register,operating_systems
atomicity,operating_systems
attack_behavior,network_security
attack_graph,network_security
attack_surface,network_security
attempt,other
attribute,other
attribute_reduction,data_structures
augmented_reality,computer_graphics
authenticated_key_agreement,cryptography
authentication,cryptography
authentication_methods,cryptography
authentication_protocol,cryptography
authentication_scheme,cryptography
authenticity,cryptography
authoring_tool,software_engineering
authorization,cryptography
autocad,software_engineering
autoencoder,machine_learning
auto-encoders,machine_learning
automated_framework,software_engineering
automated_image_analysis,computer_graphics
automatic_classification,machine_learning
automatic_data_processing,data_structures
automatic_identification,machine_learning
automotive_operating_systems,operating_systems
autonomous_navigation,algorithm_design
average_diameter,computer_graphics
avionics,operating_systems
avispa,network_security
awgn,computer_graphics
backend,data_structures
background_noise,computer_graphics
background_tasks,operating_systems
back-propagation_neural_network,machine_learning
backtracking,algorithm_design
balancing,other
ban_logic,cryptography
bandwidth_utilization,network_security
base_case,algorithm_design
base_classifiers,machine_learning
based,other
based_software_engineering,software_engineering
basic_data_structures,data_structures
battery_life,network_security
bayes,algorithm_design
bayesian_analysis,machine_learning
bayesian_estimation,machine_learning
bayesian_inference,machine_learning
bayesian_method,machine_learning
bayesian_network,machine_learning
bb84,cryptography
bb84_protocol,cryptography
bell-state_measurement,cryptography
benchmark,other
benchmark_data,data_structures
benefit,other
bidirectional_reflectance_distribution_function,computer_graphics
bidirectional_texture_function,computer_graphics
binary_classification,machine_learning
binary_classification_problem,machine_learning
binary_classifier,machine_learning
binary_code,computer_programming
binary_coding,computer_programming
binary_decision_diagram,data_structures
binary_image,computer_graphics
binary_search_tree,data_structures
binary_sequences,cryptography
binary_tree_traversal,algorithm_design
biomedical_image_processing,computer_graphics
bit_key_length,cryptography
bitcoin,cryptography
black_hole_attack,network_security
blacklist,network_security
blind_signature,cryptography
block,data_structures
blocking,network_security
bloom_filter,data_structures
bluetooth,operating_systems
boolean_functions,computer_programming
boosting,machine_learning
boosting_framework,machine_learning
bootstrap,computer_programming
botnet,network_security
brdf,computer_graphics
breakpoints,computer_programming
brightness,computer_graphics
brute_force,algorithm_design
brute-force,algorithm_design
buffer,operating_systems
buffer_cache,operating_systems
buffer_overflow,computer_programming
bug_report,software_engineering
building_detection,computer_graphics
bulk_synchronous_parallel,distributed_computing
burrows-wheeler,data_structures
c4.5,machine_learning
cache,operating_systems
cache_replacement_policy,operating_systems
camera_motion,computer_graphics
camera_network,computer_graphics
canny_edge_detection,computer_graphics
capability,other
capture,other
categorical_attributes,machine_learning
causal_structures,data_structures
causality_analysis,machine_learning
cause,other
cbir,computer_graphics
cbse,software_engineering
ccd_camera,computer_graphics
cell_tracking,computer_graphics
cellular_networks,network_security
cellular_systems,network_security
centralized_algorithm,algorithm_design
certificate_revocation,cryptography
certificate_revocation_lists,cryptography
certificateless,cryptography
certificates,cryptography
challenge,other
change_impact_analysis,software_engineering
change_requests,software_engineering
channel_attack,network_security
chaos-based_cryptography,cryptography
chaotic_maps,cryptography
character_recognition,computer_graphics
character_segmentation,computer_graphics
characteristic,other
checkpointing,network_security
chosen_plaintext_attack,cryptography
cipher,cryptography
ciphertext,cryptography
cipher-text,cryptography
circuit_design,operating_systems
class,other
class_diagram,software_engineering
class_label,machine_learning
classification,machine_learning
classification_algorithms,machine_learning
classification_model,machine_learning
classification_problem,machine_learning
classification_rate,machine_learning
classification_strategy,machine_learning
classification_tree,machine_learning
classifier,machine_learning
classifiers,machine_learning
classify,other
client_side,software_engineering
client-side,software_engineering
clock_frequency,operating_systems
closed-form_solution,algorithm_design
cloud_computing,distributed_computing
cloud_computing_environment,distributed_computing
cloud_computing_platform,distributed_computing
cloud_data,data_structures
cloud_model,network_security
cloud_provider,distributed_computing
cloud_radio_access_network,distributed_computing
cloud_server,distributed_computing
cloud_service,distributed_computing
cloud_storage,data_structures
cloud_system,distributed_computing
cloud_technology,distributed_computing
cloud_user,distributed_computing
cloud-computing,distributed_computing
clouds,distributed_computing
cloudsim,distributed_computing
cluster_analysis,machine_learning
cluster_center,machine_learning
clustered_data,machine_learning
clustering,machine_learning
clustering_algorithm,machine_learning
clustering_analysis,machine_learning
clustering_coefficient,data_structures
clustering_method,machine_learning
clustering_performance,machine_learning
clustering_technique,machine_learning
cluttered_background,computer_graphics
cma-es,machine_learning
cmmi,software_engineering
cnn_model,machine_learning
cnns,machine_learning
coap,network_security
code,computer_programming
code.org,computer_programming
code_portability,software_engineering
code_reusability,software_engineering
codebook,cryptography
codeword,cryptography
coding_technique,computer_programming
coefficient,machine_learning
cognitive_radio_network,network_security
collection,other
collusion_attack,network_security
color_image,computer_graphics
color_image_encryption,cryptography
color_image_processing,computer_graphics
color_information,computer_graphics
color_space,computer_graphics
coloring_algorithm,algorithm_design
colour_model,computer_graphics
combinatorial_objects,cryptography
combinatorial_optimization_problem,algorithm_design
command_queue,operating_systems
command-line,computer_programming
commercial_software,software_engineering
common_data_structure,data_structures
communication_latency,network_security
communication_party,cryptography
communication_system_security,cryptography
compare,other
compared,other
comparison_tasks,distributed_computing
complete_binary_tree,algorithm_design
complete_information,data_structures
complex,other
complex_computations,distributed_computing
complex_data_structure,data_structures
complex_datasets,data_structures
complex_networks,data_structures
complex_queries,data_structures
complex_shape,computer_graphics
complex_software,software_engineering
complexity,other
complexity_results,data_structures
comprehensive_evaluation,network_security
compressed_data_structures,data_structures
compression_algorithms,algorithm_design
compression_method,data_structures
compromised_nodes,network_security
computation_complexity,computer_programming
computation_cost,distributed_computing
computation_power,distributed_computing
computational,other
computational_difficulty,distributed_computing
computational_efficiency,algorithm_design
computational_fluid_dynamics,computer_graphics
computational_framework,distributed_computing
computational_grid,distributed_computing
computational_load,distributed_computing
computational_model,distributed_computing
computational_neuroscience,machine_learning
computational_speed,distributed_computing
computational_thinking,computer_programming
computational_thinking_skills,computer_programming
compute_unified_device_architecture,distributed_computing
computed_tomography,computer_graphics
computer,other
computer_aided_design,computer_graphics
computer_architecture,software_engineering
computer_course,computer_programming
computer_engineering,software_engineering
computer_graphics,computer_graphics
computer_graphics_application,computer_graphics
computer_graphics_techniques,computer_graphics
computer_graphics_technology,computer_graphics
computer_language,computer_programming
computer_model,algorithm_design
computer_modeling,computer_programming
computer_network_technology,network_security
computer_networking,network_security
computer_networks,network_security
computer_operating_system,operating_systems
computer_program,computer_programming
computer_programing,computer_programming
computer_programmer,computer_programming
computer_programming,computer_programming
computer_programming_concepts,computer_programming
computer_programming_language,computer_programming
computer_skills,computer_programming
computer_software,software_engineering
computer_system,operating_systems
computer_virus,network_security
computer_vision,computer_graphics
computer_vision_algorithm,computer_graphics
computer_vision_application,computer_graphics
computer_vision_community,computer_graphics
computer_vision_method,computer_graphics
computer_vision_problems,computer_graphics
computer_vision_system,computer_graphics
computer_vision_task,computer_graphics
computer_vision_techniques,computer_graphics
computer-aided_software_engineering,software_engineering
computer-aided_software_engineering_tool,software_engineering
computer-based_system,software_engineering
computer-vision,computer_graphics
computing_cores,distributed_computing
computing_environment,distributed_computing
computing_framework,distributed_computing
computing_infrastructure,distributed_computing
computing_nodes,distributed_computing
computing_paradigm,distributed_computing
computing_performance,distributed_computing
computing_system,operating_systems
computing_technology,distributed_computing
conceptual_model,data_structures
conceptual_modeling,software_engineering
condition,other
conduct,other
configuration_parameters,software_engineering
consecutive_frames,computer_graphics
consideration,other
consists,other
constraint,other
constraint_programming,computer_programming
construct,other
consumer_electronics,software_engineering
container_virtualization,distributed_computing
content,other
content-based_image_retrieval,computer_graphics
contextual_information,computer_graphics
continuous_optimization,algorithm_design
contour_lines,computer_graphics
control_algorithm_design,algorithm_design
control_mechanism,distributed_computing
control-flow_integrity,operating_systems
controlled_environment,data_structures
controlled_quantum,cryptography
conventional,other
conventional_camera,computer_graphics
conventional_database,data_structures
conventional_relational_databases,data_structures
convergence_speed,machine_learning
convolutional_neural_networks,machine_learning
copyright,other
core,other
core_set,data_structures
correlation_coefficient,machine_learning
correlation_filter,computer_graphics
corresponding_algorithm,algorithm_design
cost_function,algorithm_design
counter_mode,cryptography
cpc_program_library,computer_programming
cpu_cores,operating_systems
cpu_implementation,software_engineering
cpu_usage,operating_systems
crack_initiation,distributed_computing
c-ran,distributed_computing
crawler,network_security
create,other
creating,other
critical_node,network_security
cross_validation,machine_learning
cross-platform_application,software_engineering
cross-validation,machine_learning
crowdsensing,operating_systems
crowdsourcing,software_engineering
cryptanalysis,cryptography
cryptographic_algorithm,cryptography
cryptographic_application,cryptography
cryptographic_key,cryptography
cryptographic_module,cryptography
cryptographic_primitive,cryptography
cryptographic_properties,cryptography
cryptographic_protocol,cryptography
cryptographic_systems,cryptography
cryptographic_technique,cryptography
cryptography_algorithms,cryptography
cryptosystems,cryptography
cscl,computer_programming
csma/ca,network_security
ct_images,computer_graphics
current,other
cyber,network_security
cyber_threats,network_security
cyber-physical_systems,network_security
cybersecurity,network_security
cypher,cryptography
d2rq,data_structures
dag_scheduling,distributed_computing
dalvik,operating_systems
data,other
data_access_pattern,data_structures
data_analysis,data_structures
data_analytics,data_structures
data_assimilation,data_structures
data_augmentation,data_structures
data_availability,data_structures
data_block,data_structures
data_cleansing,data_structures
data_clustering,machine_learning
data_collection,data_structures
data_communication,distributed_computing
data_confidentiality,cryptography
data_cube,data_structures
data_dependencies,data_structures
data_distribution,data_structures
data_element,data_structures
data_entry,data_structures
data_exchange,data_structures
data_fusion,data_structures
data_gathering,data_structures
data_gravitation,data_structures
data_hiding,cryptography
data_layout,data_structures
data_locality,distributed_computing
data_manipulation,data_structures
data_migration,data_structures
data_mining,machine_learning
data_mining_algorithms,machine_learning
data_mining_techniques,machine_learning
data_models,data_structures
data_organization,distributed_computing
data_packets,network_security
data_parallelism,distributed_computing
data_partitioning,data_structures
data_persistence,data_structures
data_points,data_structures
data_processing,data_structures
data_profiling,data_structures
data_protection,cryptography
data_redundancy,data_structures
data_repositories,data_structures
data_requirements,data_structures
data_retrieval,data_structures
data_set,data_structures
data_sharing,data_structures
data_source,data_structures
data_storage,data_structures
data_store,data_structures
data_stream,data_structures
data_synchronization,data_structures
data_table,data_structures
data_transfer,distributed_computing
data_transformation,data_structures
data_transmission,data_structures
data_visualization,computer_graphics
data_warehouse,data_structures
database,data_structures
database_engine,data_structures
database_management,data_structures
database_operations,data_structures
database_queries,data_structures
database_schema,data_structures
database_security,data_structures
database_server,data_structures
database_table,data_structures
database_technology,data_structures
databases,data_structures
data-parallel_algorithm,distributed_computing
data-sets,data_structures
dbms,data_structures
dcis,distributed_computing
ddos,network_security
ddos_attack,network_security
deadlock,network_security
debugging,computer_programming
decade,other
decision_tree,machine_learning
decision_tree_algorithm,machine_learning
decoding,cryptography
decoding_algorithm,cryptography
decoding_problem,cryptography
deconvolution,computer_graphics
decoy_state,cryptography
decryption,cryptography
dedicated_software,software_engineering
deep_convolutional_neural_networks,machine_learning
deep_features,machine_learning
deep_learning,machine_learning
deep_learning_algorithm,machine_learning
deep_learning_methods,machine_learning
deep_learning_techniques,machine_learning
deep_neural_network,machine_learning
deep_neural_networks,machine_learning
defect_detection,network_security
defect_prediction,software_engineering
define,other
degrees_c.,computer_graphics
delegator,cryptography
demonstrates,other
dems,computer_graphics
denoising,data_structures
dependence_analysis,software_engineering
depth_camera,computer_graphics
depth_data,computer_graphics
depth_image,computer_graphics
depth_map,computer_graphics
descriptive_statistics,data_structures
design,other
design_decisions,software_engineering
design_defects,software_engineering
design_patterns,software_engineering
design_process,software_engineering
designing,other
desktop_application,software_engineering
detail,other
detecting,other
detection_algorithm,algorithm_design
deterministic_algorithm,algorithm_design
developed_algorithm,algorithm_design
developed_application,software_engineering
developed_software,software_engineering
developed_tool,computer_programming
developer,other
development_cycle,software_engineering
development_environment,software_engineering
development_process,software_engineering
device_driver,operating_systems
dibr,computer_graphics
dice,computer_programming
dicom,computer_graphics
dictionary_learning,computer_graphics
differential_cryptanalysis,cryptography
differential_power_analysis,cryptography
differential_privacy,cryptography
diffie-hellman,cryptography
digital_camera,computer_graphics
digital_elevation,computer_graphics
digital_forensic,cryptography
digital_forensics,network_security
digital_image_processing,computer_graphics
digital_imaging,computer_graphics
digital_model,computer_graphics
digital_object,data_structures
digital_search_tree,data_structures
digital_watermarking,cryptography
dimension_reduction,machine_learning
dimensionality_reduction,machine_learning
directed_acyclic_graph,data_structures
directed_graph,data_structures
directory,operating_systems
discover,other
discrete_cosine_transform,computer_graphics
discrete_logarithm,cryptography
discriminant_feature,machine_learning
discriminative_features,machine_learning
disk_blocks,operating_systems
disk_space,operating_systems
distance_measure,machine_learning
distorted_image,computer_graphics
distributed,other
distributed_algorithm_design,distributed_computing
distributed_classification,machine_learning
distributed_computing,distributed_computing
distributed_computing_architecture,distributed_computing
distributed_computing_environments,distributed_computing
distributed_computing_frameworks,distributed_computing
distributed_computing_infrastructure,distributed_computing
distributed_computing_networks,distributed_computing
distributed_computing_paradigm,distributed_computing
distributed_computing_platform,distributed_computing
distributed_computing_resources,distributed_computing
distributed_data_structures,data_structures
distributed_database,data_structures
distributed_denial,network_security
distributed_denial_of_service,network_security
distributed_denial-of-service,network_security
distributed_environment,distributed_computing
distributed_file_system,distributed_computing
distributed_networks,distributed_computing
distributed_nodes,distributed_computing
distributed_parallel_computing,distributed_computing
distributed_processing,distributed_computing
distributed_program,computer_programming
distributed_storage_system,data_structures
distribution_format,distributed_computing
divide_and_conquer_approach,algorithm_design
dnns,machine_learning
dns_service,network_security
dns_traffic,network_security
documenting,software_engineering
domain_adaptation,machine_learning
dos_attacks,network_security
download,network_security
dram,operating_systems
dvfs,operating_systems
dynamic_data,data_structures
dynamic_load_balancing,distributed_computing
dynamic_modeling,software_engineering
dynamic_network,network_security
dynamic_problem,algorithm_design
dynamic_programming,computer_programming
dynamic_programming_algorithm,computer_programming
dynamic_scene,computer_graphics
dynamic_scheduling,algorithm_design
dynamic_simulation_model,software_engineering
dyslexia,computer_programming
e.g.,other
easy,other
eavesdropping,network_security
ecc_implementation,cryptography
ecc_processor,cryptography
ecdlp,cryptography
ecdsa,cryptography
eclipselink,computer_programming
edge_detection,computer_graphics
edge_detector,computer_graphics
educational_applications,software_engineering
educational_data_mining,data_structures
educational_program,computer_programming
educational_resource,computer_programming
eeg_signals,computer_graphics
effective,other
efficiency_video_coding,computer_graphics
efficient_computation,algorithm_design
efficient_computing,distributed_computing
efficient_data_structure,data_structures
efficient_heuristic_algorithm,algorithm_design
efficient_parallel_algorithm,distributed_computing
efficient_storage,data_structures
effort,other
e-infrastructure,distributed_computing
electroencephalogram,computer_graphics
electron_microscopy_images,computer_graphics
electronic_data,data_structures
electronic_voting,cryptography
element,other
elliptic_curve,cryptography
elliptic_curve_cryptography,cryptography
elliptic_curve_cryptosystem,cryptography
elsevier_b.v.,other
elsevier_b.v._all_rights,other
elsevier_inc._all_rights,other
elsevier_ltd._all_rights,other
embedded_devices,operating_systems
embedded_security,software_engineering
empirical_software_engineering,software_engineering
employ,other
empowers,cryptography
enabling,other
encoder,computer_programming
encoding_scheme,cryptography
encrypted_data,cryptography
encrypted_database,cryptography
encrypted_domain,cryptography
encrypted_form,cryptography
encrypted_image,cryptography
encryption,cryptography
encryption_algorithm,cryptography
encryption_key,cryptography
endmember_extraction,cryptography
end-user,software_engineering
energy_cost,cryptography
energy_efficiency,network_security
energy_management_system,operating_systems
engineering,other
engineering_design,software_engineering
engineering_process,software_engineering
ensemble_learning,machine_learning
entangled_state,cryptography
enterprise_applications,software_engineering
enterprise_network,network_security
entire_network,network_security
equal_error_rate,machine_learning
equation,other
error_estimates,data_structures
error_value,computer_graphics
essential_task,machine_learning
estimation_algorithm,algorithm_design
et_al.,other
ethernet,network_security
event_management,operating_systems
evidence-based_software_engineering,software_engineering
exact_solution,distributed_computing
example,other
exchange_data,network_security
executable_code,computer_programming
execution,other
execution_path,computer_programming
execution_plan,data_structures
exhaustive_approach,algorithm_design
exhaustive_search,algorithm_design
experimental,other
experimental_result,other
experiments,other
exploit,other
explosive_hazard_detection,network_security
expressiveness,data_structures
extend,other
extended_kalman_filter,algorithm_design
extension,other
extension_field,cryptography
extraction,other
extreme_learning_machine,machine_learning
fabric_image,computer_graphics
face_detection,computer_graphics
face_image,computer_graphics
face_recognition,computer_graphics
facial_image,computer_graphics
facial_recognition,computer_graphics
fact,other
failure_detector,software_engineering
fast,other
fast_convergence,algorithm_design
fast_convergence_speed,algorithm_design
fault_attack,cryptography
fault_tolerant_systems,operating_systems
fault-tolerance,software_engineering
feature_descriptor,computer_graphics
feature_extraction_technique,machine_learning
feature_extractor,machine_learning
feature_learning,machine_learning
feature_points,computer_graphics
feature_ranking,machine_learning
feature_selection,machine_learning
feature_selection_algorithms,machine_learning
feature_selection_technique,machine_learning
feature_set,machine_learning
feature_space,machine_learning
feature_subset,machine_learning
feature_vector,machine_learning
file,data_structures
file_carving,operating_systems
file_system,operating_systems
filter_bank,computer_graphics
filtering_algorithm,algorithm_design
finally,other
fine-grained_data,data_structures
fine-tuning,machine_learning
fingerprint,cryptography
finite_automata,algorithm_design
finite_element_method,distributed_computing
firefly_algorithm,machine_learning
firewall,network_security
fixed_network,network_security
flexibility,other
floating_point,algorithm_design
foci,other
following,other
forecasting_model,machine_learning
foreground,computer_graphics
foreground_object,computer_graphics
forgery_attack,cryptography
form,other
formal_concept,data_structures
formal_language,computer_programming
formal_security_analysis,cryptography
formal_security_verification,network_security
formal_specification,operating_systems
formal_verification,software_engineering
fortran,computer_programming
fpga,other
frameworks,software_engineering
free_and_open_source,software_engineering
free_software,software_engineering
frequency,other
frequency_spectrum,computer_graphics
frequent_itemsets,data_structures
frequent_pattern,data_structures
frequent_pattern_mining,data_structures
fsms,machine_learning
function_calls,computer_programming
functional_data,data_structures
functional_dependency,data_structures
functional_programming,computer_programming
functional_requirements,software_engineering
functional_specifications,software_engineering
functionality,other
fundamental_data_structure,data_structures
fundamental_properties,data_structures
furthermore,other
fusion_method,computer_graphics
future,other
fuzzy_clustering,machine_learning
fuzzy_c-means,machine_learning
fuzzy_data,data_structures
fuzzy_database,data_structures
gain,other
gait_recognition,computer_graphics
galois_field,cryptography
game_design,software_engineering
game_development,software_engineering
gamification,software_engineering
gateway_node,distributed_computing
gaussian,other
gaussian_noise,computer_graphics
gaussian_process_regression,machine_learning
gauss-seidel,algorithm_design
general-purpose_computing,distributed_computing
generated_image,computer_graphics
generation_sequencing,cryptography
generative_algorithms,machine_learning
generative_model,machine_learning
generative_probabilistic_model,machine_learning
generic_approach,machine_learning
generic_framework,computer_programming
generic_objects,computer_graphics
genetic_algorithm,machine_learning
genetic_algorithms,machine_learning
genetic_operator,machine_learning
genetic_programming,machine_learning
genus,cryptography
geographic_data,data_structures
geographical_information_system,software_engineering
geometric_analysis,computer_graphics
geometric_data_structures,data_structures
geometric_distortion,computer_graphics
geometric_parameters,computer_graphics
geometrical_feature,computer_graphics
geospatial_data,data_structures
geoweb,software_engineering
gibbs,machine_learning
github,software_engineering
glcm,machine_learning
global_convergence,machine_learning
global_network,network_security
global_optimization,algorithm_design
global_software_development,software_engineering
gnss,network_security
gnu_general_public_license,software_engineering
google_play_store,software_engineering
gpgpu,distributed_computing
gpgpus,distributed_computing
gpu_code,computer_programming
gpu_parallel_computing,distributed_computing
gpu_programming,computer_programming
gpu-based_implementation,software_engineering
gpus,other
gradient_descent,machine_learning
gradient_information,machine_learning
grain_boundaries,distributed_computing
graph_algorithm,algorithm_design
graph_analysis,computer_graphics
graph_databases,data_structures
graph_datasets,data_structures
graph_model,machine_learning
graph_partitioning,computer_graphics
graphic,other
graphic_processing_unit,computer_graphics
graphical_processing_unit,distributed_computing
graphical_visualization,computer_graphics
graphics_processing_units,computer_graphics
graphs,data_structures
greedy_strategy,algorithm_design
green_software,software_engineering
grid_computing,distributed_computing
ground_truth,machine_learning
group_communication,network_security
group_signature_scheme,cryptography
grouping,data_structures
guarantee,other
guest,operating_systems
hacker,operating_systems
hacking,operating_systems
hadoop,distributed_computing
hadoop_distributed_file_system,distributed_computing
hadoop_framework,distributed_computing
hadoop_mapreduce,distributed_computing
halftoning,computer_graphics
hand_gesture,computer_graphics
hand_shape,computer_graphics
handle,other
hard_disk,operating_systems
hardware_accelerator,distributed_computing
hardware_description_language,computer_programming
hardware_resource,operating_systems
hardware_scheduler,operating_systems
hash,cryptography
hash_function,cryptography
hashing,algorithm_design
hbase,data_structures
hdfs,data_structures
head-mounted_display,computer_graphics
heap,operating_systems
heavy_traffic,network_security
help,other
heterogeneous,other
heterogeneous_architectures,operating_systems
heterogeneous_arrays,computer_programming
heterogeneous_cluster,distributed_computing
heterogeneous_data,data_structures
heterogeneous_data_sources,data_structures
heterogeneous_databases,data_structures
heterogeneous_distributed_computing_environment,distributed_computing
heterogeneous_distributed_computing_systems,distributed_computing
heterogeneous_platform,distributed_computing
heuristic_approach,machine_learning
heuristics,machine_learning
hevc,computer_graphics
hidden_information,cryptography
hidden_markov,machine_learning
hiding_methods,cryptography
hierarchical_data_structure,data_structures
hierarchical_search,algorithm_design
high_performance_computing,distributed_computing
high-level_features,machine_learning
highly_interconnected_data,data_structures
high-performance_parallel_computing,distributed_computing
high-resolution_image,computer_graphics
high-resolution_imaging,computer_graphics
histogram_modification,computer_graphics
historical_data,data_structures
home_networks,network_security
home_routers,network_security
honeynet,network_security
honeypot,network_security
hough_transform,computer_graphics
hpc_applications,operating_systems
hpc_environments,operating_systems
html,network_security
human_action_recognition,computer_graphics
human_activity_recognition,computer_graphics
human_detection,computer_graphics
human_face,computer_graphics
human_operator,computer_graphics
human_vision,computer_graphics
hybrid_algorithm,algorithm_design
hybrid_intrusion_detection_system,network_security
hyperelliptic_curve,cryptography
hypergraph,computer_graphics
hyperspectral_imaging,computer_graphics
hypervisors,operating_systems
i/o_performance,operating_systems
i/o_requests,operating_systems
iaas,distributed_computing
identifying,other
identity_authentication,cryptography
identity-based_cryptography,cryptography
identity-based_encryption,cryptography
ides,software_engineering
i-dlv,computer_programming
idps,operating_systems
idss,software_engineering
illumination_change,computer_graphics
illumination_variation,computer_graphics
image,other
image_analysis,computer_graphics
image_analysis_algorithm,computer_graphics
image_analysis_technique,computer_graphics
image_categorization,computer_graphics
image_classification,computer_graphics
image_colour_analysis,computer_graphics
image_content,computer_graphics
image_data,computer_graphics
image_denoising,computer_graphics
image_descriptor,computer_graphics
image_encryption,cryptography
image_encryption_scheme,cryptography
image_enhancement,computer_graphics
image_feature,computer_graphics
image_formation,computer_graphics
image_fusion,computer_graphics
image_intensity,computer_graphics
image_manipulation,computer_graphics
image_noise,computer_graphics
image_pixel,computer_graphics
image_processing,computer_graphics
image_processing_algorithm,computer_graphics
image_processing_and_computer_vision,computer_graphics
image_processing_application,computer_graphics
image_processing_method,computer_graphics
image_processing_pipeline,computer_graphics
image_processing_system,computer_graphics
image_processing_task,computer_graphics
image_processing_techniques,computer_graphics
image_registration,computer_graphics
image_representation,computer_graphics
image_resolution,computer_graphics
image_retrieval,computer_graphics
image_segmentation,computer_graphics
image_sequence,computer_graphics
image_sharpness,computer_graphics
image_steganography,computer_graphics
image_texture,computer_graphics
images,computer_graphics
imaging_condition,computer_graphics
imaging_modalities,computer_graphics
imaging_system,computer_graphics
imaging_technique,computer_graphics
imbalanced_data,machine_learning
impact,other
impact_analysis,software_engineering
imperceptibility,cryptography
impersonation_attack,cryptography
implement,other
implementation_complexity,algorithm_design
implementing,other
implicit_certificates,cryptography
importance_sampling,machine_learning
improved_authentication_scheme,cryptography
improved_genetic_algorithm,algorithm_design
improvement,other
incoming_packet,network_security
incomplete_information,data_structures
increase,other
increasing,other
independent_component_analysis,machine_learning
indexing,data_structures
indexing_data_structure,data_structures
indexing_scheme,data_structures
individual,other
individual_pixel,computer_graphics
indoor_scene,computer_graphics
inference_algorithm,algorithm_design
information_management,data_structures
information_retrieval,data_structures
information_security,network_security
information_storage,data_structures
information_systems,operating_systems
information-centric_networking,distributed_computing
information-theoretic_security,cryptography
informed_decision,software_engineering
inherent_complexity,data_structures
injection_attack,network_security
input_data,computer_programming
input_image,computer_graphics
inquiry,data_structures
inside,other
insider_threat,data_structures
instance,other
integer_programming,computer_programming
integrating,other
integrity_constraint,data_structures
intel,operating_systems
intel_xeon_phi,operating_systems
intelligent_tutoring,computer_programming
interactive_algorithms,algorithm_design
interactive_computer_graphics,computer_graphics
interactive_learning_environment,computer_programming
interactive_model,software_engineering
interactive_segmentation_method,computer_graphics
interconnection,network_security
intermediate_nodes,network_security
internet_security,network_security
internet_security_protocols,network_security
internet_traffic,network_security
internet_users,network_security
internet_worms,network_security
interpretability,machine_learning
introduces,other
introductory_programming,computer_programming
introductory_programming_course,computer_programming
introductory_programming_language,computer_programming
intrusion_detection,network_security
intrusion_detection_method,network_security
intrusion_prevention,network_security
invariant_feature,computer_graphics
inversion_algorithm,algorithm_design
iot_devices,distributed_computing
ip_addresses,network_security
ipv4,network_security
ipv6,network_security
iso/iec,software_engineering
isosurfaces,computer_graphics
jamming,cryptography
jamming_attack,network_security
java,computer_programming
java_language,software_engineering
java_virtual_machine,computer_programming
javascript_object_notation,computer_programming
john_wiley,other
join_operations,data_structures
jpeg,computer_graphics
json,data_structures
kappa,data_structures
k-ary_n-cube,distributed_computing
kd-tree,data_structures
kd-trees,data_structures
kernel_code,operating_systems
kernel_data,operating_systems
kernel_space,machine_learning
key_agreement,cryptography
key_bit,cryptography
key_distribution,cryptography
key_escrow_problem,cryptography
key_establishment,cryptography
key_exchange,cryptography
key_exposure,cryptography
key_generation,cryptography
key_length,cryptography
key_management,cryptography
key_predistribution,cryptography
key_recovery_attack,cryptography
key_space,cryptography
keyword_query,data_structures
kinds,other
kinect,computer_graphics
kinect_sensor,computer_graphics
k-means,machine_learning
k-means_clustering,machine_learning
k-nn,machine_learning
knn_queries,data_structures
knowledge_discovery,machine_learning
knowledge_management,data_structures
knowledge_sharing,data_structures
k-svd,machine_learning
k-svd_algorithm,algorithm_design
kullback-leibler,algorithm_design
lab_sessions,computer_programming
label_ranking,machine_learning
labeled_and_unlabeled_data,machine_learning
labeled_data,machine_learning
labeled_samples,machine_learning
land_use,machine_learning
language_learning,computer_programming
language_processing,machine_learning
laplacian_eigenmap,machine_learning
large-eddy_simulation,computer_graphics
large-scale,other
large-scale_data,data_structures
latency_spikes,operating_systems
latent_variable,machine_learning
lattice_boltzmann_method,computer_graphics
lbp_codes,computer_graphics
lead,other
leader_election,distributed_computing
leaf_image,computer_graphics
leaked_information,data_structures
learning,other
learning_algorithm,machine_learning
learning_approach,machine_learning
learning_evaluation,machine_learning
learning_framework,machine_learning
learning_machines,machine_learning
learning_method,machine_learning
learning_programming,computer_programming
learning_strategies,machine_learning
learning_technique,machine_learning
levenberg-marquardt,algorithm_design
light,other
light_source,computer_graphics
lightweight_cryptography,cryptography
limitation,other
linear_code,cryptography
linear_constraints,distributed_computing
linear_cryptanalysis,cryptography
linear_discriminant,machine_learning
linear_discriminant_analysis,machine_learning
linear_mixed_effect_models,machine_learning
linear_regression,algorithm_design
linearized_model,algorithm_design
linguistic_summary,machine_learning
link_rate,network_security
linked_data,data_structures
linked_data_structure,data_structures
linked_list,data_structures
linked_open_data,data_structures
linux,operating_systems
linux_operating_system,operating_systems
live_coding,computer_programming
llvm,operating_systems
load_balance,network_security
load_imbalance,distributed_computing
load-balancing,distributed_computing
local_binary_pattern,computer_graphics
local_features,machine_learning
local_reference_frame,computer_graphics
locality-constrained_linear_coding,cryptography
locally_twisted_cube,distributed_computing
location_privacy,cryptography
log_data,data_structures
logic_programming,computer_programming
logistic_regression,machine_learning
lossless_compression,algorithm_design
lossy_compression,algorithm_design
low-complexity,algorithm_design
lower_communication,network_security
low-priority_background_tasks,operating_systems
ls-svm,machine_learning
lstm,machine_learning
ltd.,other
luminance,computer_graphics
lwks,operating_systems
mac_os_x,operating_systems
machine,other
machine_learning,machine_learning
machine_learning_algorithm,machine_learning
machine_learning_applications,machine_learning
machine_learning_classifier,machine_learning
machine_learning_method,machine_learning
machine_learning_model,machine_learning
machine_learning_problems,machine_learning
machine_learning_technique,machine_learning
machine_learning-based_method,machine_learning
machine_model,operating_systems
machine_vision,computer_graphics
machine_vision_system,computer_graphics
machine-learning,machine_learning
machine-learning_algorithms,machine_learning
machine-learning_model,machine_learning
machine-learning_technique,machine_learning
main_memory,operating_systems
maintenance_cost,software_engineering
making,other
malicious_activities,network_security
malicious_application,operating_systems
malicious_attacks,network_security
malicious_behavior,network_security
malicious_behaviour,operating_systems
malicious_code,software_engineering
malicious_packets,network_security
malicious_traffic,network_security
malicious_user,network_security
malware,operating_systems
malware_detection,operating_systems
malwares,software_engineering
manifold_learning,machine_learning
man-in-the-middle_attack,cryptography
many-objective_optimization,algorithm_design
map_image,computer_graphics
map_reduce,distributed_computing
mapreduce,distributed_computing
map-reduce_framework,distributed_computing
massive_data_processing,distributed_computing
massive_number,cryptography
massively_parallel_architecture,distributed_computing
massively_parallel_computing,distributed_computing
matching,other
mathematical_programming,computer_programming
matlab,computer_programming
matrix_factorization,machine_learning
matrix_multiplication,computer_programming
matrix_operations,computer_programming
mceliece,cryptography
mcmc,algorithm_design
mean,other
mean_gray_value,computer_graphics
mean_square_error,machine_learning
measure,other
measurement,other
measuring,other
mechanism,other
mechatronic_system,software_engineering
median_filter,computer_graphics
medical_data,data_structures
medical_image,computer_graphics
medical_image_registration,computer_graphics
meet,other
membership_function,algorithm_design
memetic_algorithm,machine_learning
memory_access,operating_systems
memory_allocation,operating_systems
memory_architecture,operating_systems
memory_bandwidth,data_structures
memory_consumption,operating_systems
memory_forensics,operating_systems
memory_hierarchy,operating_systems
memory_management,operating_systems
memory_pages,operating_systems
memory_resources,operating_systems
memory_system,operating_systems
mesh_topology,data_structures
message,network_security
message_passing_interface,distributed_computing
message_recovery,cryptography
message-passing,operating_systems
metaheuristic,machine_learning
metaheuristics,machine_learning
method,other
metric_learning,machine_learning
metric_space,data_structures
metropolis-hastings,algorithm_design
microbenchmarks,operating_systems
micrographs,computer_graphics
microkernel,operating_systems
microsoft,operating_systems
microsoft_kinect,computer_graphics
microsoft_kinect_sensor,computer_graphics
mining,other
mining_data,data_structures
mining_operations,data_structures
mining_software_repositories,software_engineering
mining_techniques,data_structures
missing_data,data_structures
mitigation_strategies,software_engineering
mixed_models,machine_learning
mobile_app,software_engineering
mobile_cloud,distributed_computing
mobile_cloud_computing,distributed_computing
mobile_communication,network_security
mobile_computing,distributed_computing
mobile_data,network_security
mobile_data_collection_applications,software_engineering
mobile_device,operating_systems
mobile_network,network_security
mobile_node,network_security
mobile_operating_system,operating_systems
mobile_platform,operating_systems
model_checker,software_engineering
model_development,machine_learning
model_driven_architecture,software_engineering
model_refactoring,software_engineering
model-driven_development,software_engineering
modeling_approach,software_engineering
modeling_language,software_engineering
modular_architecture,software_engineering
modulation,software_engineering
moea/d,machine_learning
moeas,machine_learning
mongodb,data_structures
monitoring_system,operating_systems
monte_carlo,other
monte_carlo_algorithm,algorithm_design
monte-carlo,algorithm_design
mooc,computer_programming
moocs,computer_programming
mopso,machine_learning
morphological_characteristics,computer_graphics
morphological_filters,computer_graphics
motion_trajectory,computer_graphics
motion_vector,computer_graphics
movement_data,computer_graphics
moving,other
moving_object,computer_graphics
mpj_express,computer_programming
mqtt,network_security
mr_images,computer_graphics
mrdm,data_structures
msns,network_security
multi-class_classification,machine_learning
multi-core_architecture,distributed_computing
multi-core_cpu,distributed_computing
multi-core_cpus,distributed_computing
multi-core_processor,distributed_computing
multi-core_systems,operating_systems
multicores,distributed_computing
multidimensional_data,data_structures
multi-focus_image_fusion,computer_graphics
multihop,network_security
multi-kernel_learning,machine_learning
multi-label_learning,machine_learning
multi-layer_perceptron,machine_learning
multi-layer_perceptron_neural_network,machine_learning
multilayer_perceptrons,machine_learning
multilevel_modeling,data_structures
multimedia_application,software_engineering
multimedia_data,data_structures
multiobjective_evolutionary_algorithm,machine_learning
multiobjective_optimization,machine_learning
multi-objective_optimization,machine_learning
multi-objective_problem,machine_learning
multipath,network_security
multiple_computers,distributed_computing
multiple_cores,operating_systems
multiple_features,machine_learning
multiple_images,computer_graphics
multiple_imputation,data_structures
multiple_kernel_learning,machine_learning
multiple_operating_systems,operating_systems
multiple_processors,operating_systems
multiple_regression_model,machine_learning
multiple_tables,data_structures
multiple_threads,operating_systems
multiprocessor,operating_systems
multiprocessor_systems,operating_systems
multi-proxy_signature,cryptography
multi-relational_data_mining,machine_learning
multiresolution,computer_graphics
multi-server_architecture,software_engineering
multi-source_data,data_structures
multi-task_learning,machine_learning
multithreading,operating_systems
multi-threading,distributed_computing
nanofluids,network_security
national_vulnerability_database,data_structures
natural_images,computer_graphics
natural_language_processing,machine_learning
nature,other
nearest_neighbor_algorithm,algorithm_design
neighborhood_structure,algorithm_design
neighboring_nodes,network_security
network_activities,network_security
network_administrator,network_security
network_analysis,network_security
network_application,network_security
network_architecture,network_security
network_bandwidth,network_security
network_behavior,network_security
network_capacity,network_security
network_coding,computer_programming
network_communication,network_security
network_computing,distributed_computing
network_control,network_security
network_data,network_security
network_delay,network_security
network_devices,network_security
network_environment,network_security
network_flow,network_security
network_infrastructure,network_security
network_intrusion_detection,network_security
network_latency,network_security
network_lifetime,network_security
network_model,network_security
network_monitoring,network_security
network_nodes,network_security
network_operating_system,operating_systems
network_operation,network_security
network_operators,network_security
network_packet,network_security
network_performance,network_security
network_reliability,network_security
network_risk,network_security
network_scenarios,network_security
network_security,network_security
network_security_assessment,network_security
network_security_constraints,network_security
network_security_devices,network_security
network_security_issue,network_security
network_security_policy,network_security
network_security_problem,network_security
network_security_protocols,network_security
network_security_situation,network_security
network_security_situation_assessment,network_security
network_security_situation_prediction,network_security
network_servers,network_security
network_service,network_security
network_structure,network_security
network_system,network_security
network_technology,network_security
network_throughput,network_security
network_traffic,network_security
network_traffic_data,network_security
network_users,network_security
network_virtualization,network_security
networked_control_systems,network_security
networking,network_security
networks,network_security
neural_network,machine_learning
neural_networks,machine_learning
neuroevolution,algorithm_design
neuroimaging,computer_graphics
n-grams,machine_learning
nids,network_security
nidss,network_security
nist_test_suite,cryptography
nominal_data,data_structures
non-dominated_sorting_genetic_algorithm,machine_learning
non-gaussian,machine_learning
nonlinear_regression,machine_learning
nonlocal_means_denoising,computer_graphics
non-malleable_code,cryptography
nonnegative_matrix_factorization,machine_learning
non-relational_database,data_structures
nonvolatile_memory,operating_systems
novel,other
novelty_search,algorithm_design
novice_programming,computer_programming
np-hard,algorithm_design
ns2_simulator,network_security
nsga-ii,machine_learning
nsl-kdd,data_structures
ntru,cryptography
null_value,data_structures
numerical_algorithm,algorithm_design
nvidia,distributed_computing
nvidia_gpus,distributed_computing
nvram,operating_systems
object_classification,machine_learning
object_detection,computer_graphics
object_properties,computer_programming
object_recognition,computer_graphics
object-oriented_database,data_structures
object-oriented_program,computer_programming
obtaining,other
oct_images,computer_graphics
ofdm,data_structures
offer,other
off-line_password_guessing_attack,cryptography
olap,data_structures
online,other
online_algorithm,algorithm_design
online_database,data_structures
online_game,software_engineering
online_judge,computer_programming
online_learning,machine_learning
online_monitoring,computer_graphics
online_optimization,algorithm_design
online_social_network,network_security
ontologies,data_structures
ontology,data_structures
ontology_matching,data_structures
ontology-based_data_access,data_structures
open,other
open_source,computer_programming
open_source_library,computer_programming
open_source_project,software_engineering
open_source_software,software_engineering
openacc,computer_programming
opencl,computer_programming
opencv,computer_programming
openflow,network_security
openflow_protocol,network_security
opengl,computer_graphics
openmp,computer_programming
opensees,software_engineering
open-source_implementation,software_engineering
operating,other
operating_system,operating_systems
operating_system_kernel,operating_systems
operation,other
operational_semantics,computer_programming
opinion_mining,data_structures
opnet,software_engineering
optical_coherence_tomography,computer_graphics
optical_flow,computer_graphics
optimal,other
optimal_location,data_structures
optimization_algorithm,algorithm_design
optimization_model,algorithm_design
optimize,other
optimizing_algorithms,algorithm_design
orchestration,software_engineering
organization,other
oriented_gradient,machine_learning
original_feature_set,machine_learning
original_image,computer_graphics
orthophotos,computer_graphics
os_services,operating_systems
os_x,operating_systems
oses,operating_systems
outdoor_scenes,computer_graphics
outliers,machine_learning
outperforms,other
output,other
outsourced_data,data_structures
overall_performance,algorithm_design
overfitting,machine_learning
over-fitting,machine_learning
overhead,other
overlapping_regions,machine_learning
oversampling,machine_learning
owl_ontologies,machine_learning
owl_schemas,data_structures
packet_classification,network_security
packet_delivery,network_security
packet_processing,network_security
pagerank,algorithm_design
pair_programming,computer_programming
pair-programming,computer_programming
pair-programming_effects,computer_programming
pair-programming_rules,computer_programming
panorama,computer_graphics
paper_presents,other
parallel,other
parallel_and_distributed_computing,distributed_computing
parallel_architecture,distributed_computing
parallel_computation,distributed_computing
parallel_computer,distributed_computing
parallel_computing,distributed_computing
parallel_computing_capability,distributed_computing
parallel_computing_environment,distributed_computing
parallel_computing_framework,distributed_computing
parallel_computing_method,distributed_computing
parallel_computing_platform,distributed_computing
parallel_computing_power,distributed_computing
parallel_computing_technique,distributed_computing
parallel_data_processing,data_structures
parallel_efficiency,distributed_computing
parallel_evolutionary_algorithm,machine_learning
parallel_execution,computer_programming
parallel_implementation,distributed_computing
parallel_program,computer_programming
parallel_programming,computer_programming
parallel_programming_model,distributed_computing
parallel_scalability,distributed_computing
parallel_search,data_structures
parallel_small_baseline_subset,distributed_computing
parallel_solver,distributed_computing
parallel_speedup,computer_programming
parallel_system,distributed_computing
parallelization,distributed_computing
parallelization_method,distributed_computing
parallelization_strategy,distributed_computing
parameter_optimisation,machine_learning
parameter_tuning,machine_learning
parameter_values,computer_programming
parametric_model,machine_learning
paravirtualization,computer_graphics
partial_occlusion,computer_graphics
participant,other
particle_swarm_algorithm,machine_learning
particle_swarm_optimization,machine_learning
particle_swarm_optimization_algorithm,machine_learning
password,cryptography
password_authentication,cryptography
past,other
path_planning,algorithm_design
pattern_classification,machine_learning
pattern_matching_algorithm,algorithm_design
pattern_recognition,computer_graphics
pc_cluster,data_structures
pedestrian_detection,computer_graphics
peeling,data_structures
perfect_matching,computer_graphics
performance_cluster,distributed_computing
performing,other
permutation_testing,software_engineering
persistent_data,data_structures
persistent_memory,operating_systems
person_re-identification,computer_graphics
perspective,other
petri_nets,software_engineering
phase_modulation,software_engineering
phishing_attack,network_security
photogrammetry,computer_graphics
photometric_stereo,computer_graphics
photon_number_splitting,cryptography
phylogenetic_tree,data_structures
physical_memory,operating_systems
physical-layer_security,network_security
pipeline_parallelism,distributed_computing
pixel,other
pixel_size,computer_graphics
pixel_value,computer_graphics
plain_text,cryptography
plaintext,cryptography
plain-text,cryptography
planar_graphs,data_structures
planning,other
play,other
plug-in,operating_systems
plugins,software_engineering
point_cloud,computer_graphics
point_cloud_data,computer_graphics
point_multiplication,cryptography
pointer-based_data_structures,data_structures
polynomial_time_algorithm,algorithm_design
pose,other
pose_variation,computer_graphics
positron_emission_tomography,computer_graphics
posix,operating_systems
possibility,other
post-quantum_cryptography,cryptography
potential,other
power_management,operating_systems
power_transfer,algorithm_design
power-law_function,computer_programming
preconditioner,distributed_computing
prediction_accuracy,machine_learning
prediction_performance,algorithm_design
predictive_accuracy,machine_learning
predictive_performance,machine_learning
predictive_power,machine_learning
presence,other
present,other
principal_component,machine_learning
principle,other
prior,other
privacy_amplification,cryptography
private_cloud,distributed_computing
private_information,cryptography
probabilistic_database,data_structures
probabilistic_inference,machine_learning
procedure,other
proceedings,cryptography
process_mining,data_structures
processed_images,computer_graphics
processing,other
processing_capabilities,operating_systems
processing_data,data_structures
processing_images,computer_graphics
processing_nodes,distributed_computing
processing_unit,distributed_computing
processor_cores,operating_systems
produce,other
product,other
product_line,software_engineering
program,computer_programming
program_analysis,computer_programming
program_code,computer_programming
program_comprehension,computer_programming
program_implementation,computer_programming
program_slicing,computer_programming
program_transformation,software_engineering
program_verification,computer_programming
program_visualization,computer_programming
programmability,computer_programming
programmable_logic_controller,operating_systems
programmer,computer_programming
programming_activity,computer_programming
programming_and_programming_languages,computer_programming
programming_approach,computer_programming
programming_concept,computer_programming
programming_course,computer_programming
programming_errors,computer_programming
programming_exercises,computer_programming
programming_knowledge,computer_programming
programming_paradigm,computer_programming
programming_practice,computer_programming
programming_skills,computer_programming
project_management,software_engineering
property,other
proposal,other
propose,other
proposed_feature,machine_learning
proposed_method,other
proposed_model,other
proposed_scheme,other
prototype,other
prototype_implementation,computer_programming
prototype_system,operating_systems
provable_security,cryptography
proxy_signature,cryptography
proxy_signer,cryptography
p-sbas,distributed_computing
pseudo_random_number,cryptography
pseudorandom,cryptography
psnr,computer_graphics
public,other
public_datasets,data_structures
public_key,cryptography
public_key_cryptography,cryptography
public_key_cryptosystem,cryptography
public-key_encryption,cryptography
publicly_available_datasets,data_structures
purpose,other
purpose_graphic_processing_unit,distributed_computing
python,computer_programming
python_language,computer_programming
python_programs,computer_programming
qos_constraints,network_security
qt_framework,software_engineering
quality_management,software_engineering
quanta,other
quantum_communication,cryptography
quantum_cryptography,cryptography
quantum_key_agreement,cryptography
quantum_key_distribution,cryptography
quantum_key_distribution_protocol,cryptography
quantum_memory,cryptography
quantum_private_comparison,cryptography
quantum_secret_sharing,cryptography
quantum_state,cryptography
qubits,cryptography
query,other
query_answering,data_structures
query_evaluation,data_structures
query_execution,data_structures
query_execution_time,data_structures
query_language,data_structures
query_performance,data_structures
query_point,data_structures
query_processing,data_structures
query_relaxation,data_structures
query_result,data_structures
query_time,data_structures
r2rml,data_structures
radial_basis_function_neural_networks,machine_learning
raid_reconstruction,data_structures
raid_system,data_structures
raid-structured_storage_systems,data_structures
random_access,operating_systems
random_forest_algorithm,machine_learning
random_forest_classifier,machine_learning
random_number,cryptography
random_oracle,cryptography
random_walk,network_security
randomized_algorithm,algorithm_design
randomness_tests,cryptography
range_queries,data_structures
ranking_function,data_structures
ranking_model,machine_learning
ransac_algorithm,computer_graphics
raspberry,operating_systems
rate,other
rational_unified_process,software_engineering
ray_tracing,computer_graphics
ray-tracing,computer_graphics
rbfnn,machine_learning
rdbms,data_structures
rdbs,data_structures
rdf_data,data_structures
rdma,operating_systems
reach,other
real_application,software_engineering
real_darknet_traffic,network_security
real_data_analysis,data_structures
real_network,network_security
real_network_traffic,network_security
real_time_operating_system,operating_systems
reality_technology,computer_graphics
real-life_datasets,data_structures
real-time_application,software_engineering
real-time_data_processing,operating_systems
real-time_os,operating_systems
real-time_system,operating_systems
real-world_data,data_structures
real-world_datasets,data_structures
recent_years,other
recognition_accuracy,machine_learning
recognition_performance,computer_graphics
recommender_systems,operating_systems
reconstructed_image,computer_graphics
reconstruction,other
reconstruction_technique,computer_graphics
record,other
recursive_feature_elimination,machine_learning
red-black_tree,data_structures
reduces,other
re-engineering,software_engineering
refactoring_sequence,software_engineering
reference,other
reference_architecture,software_engineering
reference_model,software_engineering
reflectance,computer_graphics
regression_model,machine_learning
regression_testing,software_engineering
regularization,machine_learning
regularizer,machine_learning
regulatory_requirements,software_engineering
reinforcement_learning,machine_learning
relation,other
relational,other
relational_database,data_structures
relational_database_management,data_structures
relational_database_system,data_structures
relational_databases,data_structures
relational_model,data_structures
relational_schema,data_structures
relationship,other
relay_networks,network_security
relevant_features,machine_learning
reliable_communication,network_security
remote_sensing_data_analysis,data_structures
remote_sensing_images,computer_graphics
rendering,computer_graphics
replacement_algorithm,algorithm_design
repository,data_structures
representation,other
representing,other
requirement,other
requirement_specification,software_engineering
requirements_engineering,software_engineering
requirements_selection,software_engineering
researcher,other
resonance,computer_graphics
resource,other
resource_allocation,algorithm_design
resource_allocation_algorithm,algorithm_design
resource_allocation_algorithm_design,algorithm_design
resource_description_framework,data_structures
respect,other
restful_api,software_engineering
result,other
resulting,other
rethinking,data_structures
retrieval_algorithm,data_structures
retrieval_performance,data_structures
retrieval_results,data_structures
retrieving_data,data_structures
reusability,software_engineering
reverse_engineering,software_engineering
reverse-engineering,software_engineering
reversible_circuit_synthesis,algorithm_design
reversible_watermarking,cryptography
reversible_watermarking_techniques,cryptography
rgb_images,computer_graphics
rgb_values,computer_graphics
rgb-d,computer_graphics
rgb-d_data,computer_graphics
rich_set,data_structures
rijndael,cryptography
risk,other
rmse,machine_learning
robotic_systems,operating_systems
robotics,computer_programming
robust,other
robust_algorithm,algorithm_design
robust_system,operating_systems
role-based_access_control,data_structures
root_mean_squared_error,machine_learning
rop_gadgets,network_security
routers,network_security
routing,other
routing_algorithm,network_security
routing_protocol,network_security
routing_table,network_security
rtos,operating_systems
rtoss,operating_systems
r-tree,data_structures
rule,other
running,other
running_time,distributed_computing
runtime_analysis,computer_programming
runtime_library,computer_programming
runtime_system,computer_programming
saas,software_engineering
safety_assurance,software_engineering
saliency_detection,computer_graphics
salient_object_detection,computer_graphics
sample,other
sandbox,software_engineering
sandy_bridge,distributed_computing
sar_image,computer_graphics
satellite_images,computer_graphics
saturation_effect,computer_graphics
s-boxes,cryptography
scala,computer_programming
scalar_multiplication,cryptography
scale_simulation,distributed_computing
scale_variation,computer_graphics
scale-free_network,network_security
scene,other
scheduling,other
schema,data_structures
schema_evolution,data_structures
schema_matching,data_structures
scilab,computer_programming
scratch,computer_programming
scripting_language,computer_programming
scrum,software_engineering
sdn_architecture,software_engineering
sdns,network_security
search_algorithm,algorithm_design
search_operators,data_structures
search_process,machine_learning
search_space,algorithm_design
search_strategy,machine_learning
search_tree,algorithm_design
searchable_encryption,cryptography
searching_algorithm,algorithm_design
secret_image,cryptography
secret_information,cryptography
secret_key,cryptography
secret_key_rate,cryptography
secret_message,cryptography
secret_sharing,cryptography
secure,other
secure_communication,cryptography
secure_direct_communication,cryptography
secure_multiparty_computation,cryptography
secure_quantum_communication,cryptography
secure_routing,network_security
secure_transmission,network_security
security,other
security_analysis,cryptography
security_and_privacy_protection,cryptography
security_architecture,network_security
security_breach,network_security
security_capabilities,software_engineering
security_features,cryptography
security_issue,network_security
security_key,cryptography
security_management,network_security
security_measure,cryptography
security_mechanism,cryptography
security_model,cryptography
security_performance,network_security
security_primitives,cryptography
security_protocols,cryptography
security_requirement,cryptography
security_risk,network_security
security_services,network_security
security_system,network_security
security_vulnerability,network_security
security_weakness,network_security
segmentation_algorithm,algorithm_design
selected_features,machine_learning
selection_algorithm,machine_learning
self-occlusion,computer_graphics
semantic_relations,data_structures
semantic_segmentation,computer_graphics
semi-supervised_classification,machine_learning
semisupervised_learning,data_structures
semi-supervised_learning,machine_learning
sensing,other
sensing_technologies,network_security
sensitive_data,data_structures
sentiment_analysis,machine_learning
sequence_diagram,software_engineering
sequential_code,computer_programming
sequential_monte_carlo,algorithm_design
series,other
server,other
service_attack,network_security
service_components,software_engineering
service_requirements,software_engineering
service-oriented_architecture,software_engineering
session_initiation,network_security
session_key,cryptography
shadow_image,computer_graphics
shape_feature,computer_graphics
shape_model,computer_graphics
shape_modeling,computer_graphics
shape_retrieval,computer_graphics
share,other
shared_memory_system,operating_systems
shared_secret,cryptography
sift,computer_graphics
sign_language,computer_graphics
signature,cryptography
signature_generation,cryptography
signature_scheme,cryptography
signature_verification,cryptography
signer,cryptography
similarity_measure,machine_learning
similarity_metric,machine_learning
simple,other
simulated_annealing,machine_learning
simulated_scenes,computer_graphics
simulation,other
simulation_code,computer_programming
simulation_modeling,software_engineering
simulation_program,operating_systems
simultaneous_localization,computer_graphics
single_classifier,machine_learning
single_image,computer_graphics
singular_value,machine_learning
skill,other
skip_list,data_structures
smartphone_application,software_engineering
smartphone_camera,computer_graphics
smartphone_platform,operating_systems
smtp,network_security
socialbots,software_engineering
software,software_engineering
software_artifact,software_engineering
software_change,software_engineering
software_code,software_engineering
software_companies,software_engineering
software_cybernetics,software_engineering
software_defect,software_engineering
software_defect_prediction,software_engineering
software_defined_network,network_security
software_defined_networking,network_security
software_design,software_engineering
software_development,software_engineering
software_development_activities,software_engineering
software_development_life_cycle,software_engineering
software_development_practice,software_engineering
software_development_process,software_engineering
software_development_project,software_engineering
software_development_team,software_engineering
software_ecosystems,software_engineering
software_engineer,software_engineering
software_engineering_domain,software_engineering
software_engineering_education,software_engineering
software_engineering_measures,software_engineering
software_engineering_practice,software_engineering
software_engineering_practitioners,software_engineering
software_engineering_problems,software_engineering
software_engineering_process,software_engineering
software_engineering_research,software_engineering
software_engineering_researchers,software_engineering
software_engineering_task,software_engineering
software_environment,software_engineering
software_framework,software_engineering
software_implementation,software_engineering
software_industry,software_engineering
software_industry_requirements,software_engineering
software_library,software_engineering
software_maintenance,software_engineering
software_management,software_engineering
software_metrics,software_engineering
software_module,software_engineering
software_package,software_engineering
software_process_improvement,software_engineering
software_product_line,software_engineering
software_product_line_engineering,software_engineering
software_program,computer_programming
software_project,software_engineering
software_project_management,software_engineering
software_prototype,software_engineering
software_reliability,software_engineering
software_repository,software_engineering
software_requirements,software_engineering
software_solution,software_engineering
software_stack,software_engineering
software_system,software_engineering
software_team,software_engineering
software_tools,software_engineering
software_verification,software_engineering
software_visualization,software_engineering
software-as-a-service,software_engineering
software-defined_networking,software_engineering
solving,other
sons,other
sorting_algorithms,computer_programming
source_images,computer_graphics
space_data_structure,data_structures
spanning_tree,data_structures
spark,distributed_computing
sparql,data_structures
sparse_representations,machine_learning
spatial,other
spatial_augmented_reality,computer_graphics
spatial_data_structure,data_structures
spatial_database,data_structures
spatial_distribution,algorithm_design
spatial_interpolation,machine_learning
spatial_query,data_structures
spatial_resolution,computer_graphics
spatial_variation,network_security
spatiotemporal_data,data_structures
specialized_database,data_structures
specific_case,software_engineering
specific_data_structure,data_structures
specific_requirements,software_engineering
speckle_noise,computer_graphics
speckle_pattern,computer_graphics
spectral_clustering,machine_learning
speculative_parallelization,distributed_computing
spike_sorting,machine_learning
spmv,data_structures
spoofing_attack,network_security
spreadsheets,data_structures
sql_query,data_structures
sql_server,data_structures
sql_statements,computer_programming
square_root,algorithm_design
sr_model,machine_learning
ssds,data_structures
ssim,computer_graphics
stack_overflow,software_engineering
stackelberg,network_security
state-of-the-art,other
statistical_features,machine_learning
statistical_learning,machine_learning
stealthiness,network_security
steganography,cryptography
step_size,algorithm_design
stereo_matching,computer_graphics
stereo_vision,computer_graphics
stitching,computer_graphics
stochastic_programming,machine_learning
storage_devices,distributed_computing
storage_nodes,data_structures
storage_space,data_structures
storage_system,data_structures
stored_data,data_structures
storing,data_structures
strain_rate,operating_systems
strategy,other
stream_cipher,cryptography
streaming_data,data_structures
strict_avalanche_criteria,cryptography
string_matching,computer_programming
strong_security,cryptography
strong_unforgeability,cryptography
structural_damage,data_structures
structured_data,data_structures
structured_storage,data_structures
stt-ram,operating_systems
student_learning,computer_programming
students'_programming,computer_programming
students'_programming_skills,computer_programming
subgraphs,data_structures
subject,other
submodular_functions,algorithm_design
suboptimal_algorithm,algorithm_design
subsequent_query,data_structures
subset,other
subtraction,computer_graphics
succinct_data_structures,data_structures
suffix_array_construction_algorithm,algorithm_design
suffix_tree,data_structures
superkekb,operating_systems
superpixels,computer_graphics
supervised_classifier,machine_learning
supervised_feature_selection,machine_learning
supervised_learning,machine_learning
supervised_machine_learning,machine_learning
supplementary_material,distributed_computing
support_vector_machine_classifier,machine_learning
support_vector_machines,machine_learning
support_vector_regression,machine_learning
suppression,computer_graphics
surface_mesh,computer_graphics
surface_reconstruction,computer_graphics
surface_representation,computer_graphics
surface_roughness,computer_graphics
surface_topography,computer_graphics
svm_classifier,machine_learning
svms,machine_learning
swarm_optimization,machine_learning
swebok,software_engineering
switching,network_security
symbian,operating_systems
symmetric_key,cryptography
symmetric_key_cryptography,cryptography
symport/antiport_rule,distributed_computing
synchronization,operating_systems
synthetic_and_real_data,data_structures
synthetic_data,data_structures
synthetic_datasets,data_structures
system,other
system_architecture,operating_systems
system_calls,operating_systems
system_component,operating_systems
system_configuration,operating_systems
system_design,operating_systems
system_error,computer_programming
system_monitoring,operating_systems
system_operator,operating_systems
system_parameters,operating_systems
system_quality,operating_systems
system_resources,operating_systems
system_software,operating_systems
systematic_literature,software_engineering
systems,software_engineering
tabular_data,data_structures
tampering_functions,software_engineering
target_image,computer_graphics
task_graph,distributed_computing
task_scheduling_algorithm,algorithm_design
tcp/ip,network_security
technical_debt,software_engineering
technique,other
technological_development,software_engineering
temporal_database,data_structures
temporal_indeterminacy,data_structures
temporal_resolution,computer_graphics
term,other
test,other
test_bed,software_engineering
test_case,software_engineering
test_case_prioritization,software_engineering
test_data,machine_learning
test_image,computer_graphics
test_set,machine_learning
test_suite,software_engineering
test-driven_development,software_engineering
text,other
text_clustering,machine_learning
text_corpus,machine_learning
text_detection,computer_graphics
text_file,operating_systems
text_information,machine_learning
text_mining,data_structures
textile,computer_graphics
text-mining,data_structures
texture_feature,computer_graphics
texture_images,computer_graphics
textured_mesh,computer_graphics
the_raspberry_pi,operating_systems
thermal_image,computer_graphics
thermograms,computer_graphics
things,other
threading,distributed_computing
thread-level_parallelism,distributed_computing
threat,other
threshold_scheme,cryptography
threshold_selection,computer_graphics
throughput,network_security
time_algorithm,algorithm_design
time-series_data,data_structures
tinyos,network_security
tissue_p_systems,distributed_computing
toolkits,software_engineering
topic,other
top-k_document_retrieval,data_structures
total,other
total_transmit_power,network_security
tracing,computer_graphics
tracked_object,computer_graphics
tracking_algorithm,algorithm_design
tracking_error,algorithm_design
traditional_bp,machine_learning
traditional_data,data_structures
traditional_database,data_structures
traditional_rdbms,data_structures
traditional_relational_database_management_systems,data_structures
traditional_relational_databases,data_structures
traditional_software_development,software_engineering
traffic,other
traffic_flow,network_security
training,other
training_data,machine_learning
training_datasets,machine_learning
training_image,computer_graphics
training_set,machine_learning
transfer_learning,machine_learning
transition_zones,network_security
transmit_power,network_security
transmitted_data,data_structures
tree_data_structures,data_structures
tree_nodes,data_structures
tree_structure,data_structures
tree_traversal,data_structures
triangulated_surfaces,computer_graphics
triple_patterns,data_structures
trojan,operating_systems
true_random_number,cryptography
trust_management,network_security
trust_model,network_security
trusted_authority,cryptography
tuning_parameters,machine_learning
tuple_deletion,computer_programming
turn,other
tutoring_system,computer_programming
type_definitions,computer_programming
type_system,computer_programming
typical_software_system,software_engineering
ubuntu,operating_systems
uci_machine_learning_repository,data_structures
ultrasound_images,computer_graphics
uml_models,software_engineering
underlying_data_structures,data_structures
unified_device_architecture,distributed_computing
unified_modeling_language,software_engineering
unit_test,software_engineering
university,other
unknown_attack,network_security
unlabeled_data,machine_learning
unlabeled_samples,machine_learning
unmanned_aerial_vehicles,computer_graphics
unsupervised_approach,machine_learning
unsupervised_clustering,machine_learning
unsupervised_learning,machine_learning
unsupervised_method,machine_learning
update,other
uplink,network_security
user_application,software_engineering
user_authentication,network_security
user_impersonation_attack,network_security
user_interaction,software_engineering
user_interface,operating_systems
user_needs,software_engineering
user_requirements,software_engineering
user-friendly_graphical_interface,software_engineering
user's_privacy,cryptography
user's_query,data_structures
uses,other
validation,other
validation_set,machine_learning
vanet,network_security
vanets,network_security
variable,other
variable_neighborhood_search,algorithm_design
variant,other
variation,other
variety,other
vascular_imaging,computer_graphics
vector_autoregression,distributed_computing
vector_classifier,machine_learning
vector_data,data_structures
vehicle_routing_problem,network_security
vehicle_tracking,computer_graphics
vehicular_communication,network_security
verifiable_secret_sharing,cryptography
vhdl,computer_programming
video,other
video_coding,computer_graphics
video_data,computer_graphics
video_footage,computer_graphics
video_frame,computer_graphics
video_sequence,computer_graphics
video_surveillance,computer_graphics
vigenere_cipher,cryptography
virtual_character,computer_graphics
virtual_hand,computer_graphics
virtual_human,computer_graphics
virtual_machine,operating_systems
virtual_memory,operating_systems
virtual_object,computer_graphics
virtual_organization,distributed_computing
virtual_platform,operating_systems
virtual_reality,computer_graphics
virtual_screening,computer_graphics
virtualization,operating_systems
virtualization_technique,operating_systems
virtualization_technology,computer_graphics
virtualized_environment,operating_systems
vision,other
vision_sensor,computer_graphics
vision_system,computer_graphics
visual_appearance,computer_graphics
visual_attribute,computer_graphics
visual_characteristics,computer_graphics
visual_cryptography,cryptography
visual_data,computer_graphics
visual_fatigue,computer_graphics
visual_features,computer_graphics
visual_information,computer_graphics
visual_object,computer_graphics
visual_odometry,computer_graphics
visual_programming,computer_graphics
visual_programming_environment,computer_programming
visual_programming_language,computer_programming
visual_quality_assessment,computer_graphics
visual_reality,computer_graphics
visual_recognition,computer_graphics
visual_representation,computer_graphics
visual_secret_sharing,cryptography
visual_secret_sharing_scheme,cryptography
visual_system,computer_graphics
visual_tracking,computer_graphics
visualization,computer_graphics
visualization_design,computer_graphics
visualization_method,computer_graphics
visualization_technique,computer_graphics
visualization_technology,computer_graphics
volatile_memory,operating_systems
volume_hierarchies,data_structures
voxels,computer_graphics
wait-free_objects,operating_systems
walsh-hadamard,cryptography
warehouse,data_structures
watermark,cryptography
watermarked_image,computer_graphics
watermarking,cryptography
watermarking_scheme,cryptography
waveform,network_security
wavelet_domain,computer_graphics
ways,other
weave_pattern,computer_graphics
web_application,software_engineering
web_browser,operating_systems
web_interface,software_engineering
web_log,network_security
web_servers,network_security
web_service,distributed_computing
web-based_application,software_engineering
web-based_programming_environment,computer_programming
webgl,network_security
weighted_graph,algorithm_design
weka,machine_learning
wifi,network_security
wi-fi,network_security
windows_7,operating_systems
wired_network,network_security
wireless_communication,network_security
wireless_communication_system,operating_systems
wireless_links,network_security
wireless_security,network_security
wireless_sensor_network,network_security
wireless_sensor_networks,network_security
wireless_system,network_security
wlan,network_security
word_ram,data_structures
working,other
working_memory_capacity,operating_systems
world_wide_web,data_structures
worm,network_security
worm_propagation,operating_systems
wsns,network_security
xml_compression,data_structures
xml_data,data_structures
xml_documents,data_structures
xpath,data_structures
x-ray_ct,computer_graphics
yield,other
zigbee,network_security
